{"pitch": [-8.771235290341297, 24.025963198125783, 202.29402179032851, 23.063344568249185], "energy": [-1.3810802698135376, 5.011698246002197, 42.39496647150659, 30.696960232667877]}